firstName0;lastName0;0.png
firstName1;lastName1;1.png
firstName2;lastName2;2.png
firstName3;lastName3;3.png
firstName4;lastName4;4.png
firstName5;lastName5;5.png
firstName6;lastName6;6.png
firstName7;lastName7;7.png
firstName8;lastName8;8.png
firstName9;lastName9;9.png
firstName0;lastName0;0.png
firstName1;lastName1;1.png
firstName2;lastName2;2.png
firstName3;lastName3;3.png
firstName4;lastName4;4.png
firstName5;lastName5;5.png
firstName6;lastName6;6.png
firstName7;lastName7;7.png
firstName8;lastName8;8.png
firstName9;lastName9;9.png
firstName0;lastName0;0.png
firstName1;lastName1;1.png
firstName2;lastName2;2.png
firstName3;lastName3;3.png
firstName4;lastName4;4.png
firstName5;lastName5;5.png
firstName6;lastName6;6.png
firstName7;lastName7;7.png
firstName8;lastName8;8.png
firstName9;lastName9;9.png
firstName0;lastName0;0.png
firstName1;lastName1;1.png
firstName2;lastName2;2.png
firstName3;lastName3;3.png
firstName4;lastName4;4.png
firstName5;lastName5;5.png
firstName6;lastName6;6.png
firstName7;lastName7;7.png
firstName8;lastName8;8.png
firstName9;lastName9;9.png
firstName0;lastName0;0.png
firstName1;lastName1;1.png
firstName2;lastName2;2.png
firstName3;lastName3;3.png
firstName4;lastName4;4.png
firstName5;lastName5;5.png
firstName6;lastName6;6.png
firstName7;lastName7;7.png
firstName8;lastName8;8.png
firstName9;lastName9;9.png
